,Attack Success Rate,Recall Score
G_Model(2%),100.0,95.74434918160561
G_Model(4%),99.98441153546376,92.1278254091972
G_Model(10%),77.20966484801247,84.3335931410756
